'1. Керамическая основа + слой Mo-Mn 2. Керамическая основа + лужение 3. Керамическая основа + покрытие Mo-Mn + Ni 4. Керамическая основа + вольфрам + щетка',
'Обучение и посещение конференций',
'5 шагов. Выберите Ethereum',
'порядок сортировки по умолчанию сортировка по среднему рейтингу сортировка по последним сортировка по цене: высокая низкая сортировка по цене: низкая высокая',
'Самые эффективные аналоги',
'Доска объявлений Узбекистан: бесплатные объявления AGRO.KZ',
'Род (Rallidae)',
'Диапазон MAS припадков 0,1-200 мАс (используйте стандарт R'10 или R'20)',
'Физическая медицина и реабилитация (3)',
'мощность: 1018 кг/мес',
'ореховая смесь 150 г',
'смотрите шоу Максима Галкина на всех лучших каналах! 15.10.2017 релиз Онлайн',
'2. Смена типа С или типа Z, смена устройства циркуляции вручную. Через 15 минут переход с С на Z.',
'Высшее образование, окончил Казахский политехнический институт им. В.И. Ленина в 1984 году по специальности инженер-системотехник, Евразийский институт рынка в 1998 году. Кандидат экономических наук',
'В стране создаются все условия для развития высоких медицинских технологий. В 2011 году проведено более 8 тысяч операций на сердце. Работает около 180 телемедицинских центров.',
'сыр 200 грамм',
'Общество',
"В 2018 году мы стали звездами Instagram модной одежды с запахом и модными хищными принтами (змеиный и леопардовый принт), а также плюшевых шуб Heduc's.",
'CASPIY',
'Шерил Гомес (Cheryl Gomez), вице-председатель',
'6) Ветеринарный орган;',
'6 мм однонаправленный электретный конденсаторный микрофон ...',
'Dubstep',
'№ 2088 Keji Road',
'Интернет-магазин бизнес-инструментов Energy Diet Smart Distribution Booklet (10 шт.)',
'suggestions говорит 13 августа 2013 г. в 1:41 утра Первое предположение — будет конфликт jQueryUI, рекомендую проверить консоль JavaScript, чтобы увидеть в этом случае, и версию набора дополнительных вкладок текст.',
'Blue Angel (крупный кустарник с широкими рельефными листьями с ароматными почками),',
'Dungeon Hunter 5 Hack Tool',
'Описание:Продается двигатель Gr215,Автогрейдер 12H,Автогрейдеры 140k',
'Снимают психоэмоциональное напряжение;',
'[ , ] Основываясь на работе Шумана и Прессера, Мур (2002) описывает отдельное измерение воздействия проблемы: аддитивные и субтрактивные эффекты. Когда исход конфликта и последствия возникают в результате оценки респондентами двух единиц относительно друг друга, респонденты более чувствительны к крупномасштабной структуре, в которой они отвечают на вопросы, и возникают аддитивные и субтрактивные эффекты. Прочитайте Мура (2002) Мур (2002), затем разработайте и проведите исследовательский эксперимент на MTurk, чтобы продемонстрировать аддитивные или субтрактивные эффекты. ', 'РЫНОК ДИЕТИЧЕСКИХ ПОРОШКОВ', 'Поршень и штифт Mitsubishi', 'Получатель государственного гранта – 2015', 'Председатель комитета:', 'Углеродистая сталь 2 мм 4.2', 'Организация исследования;', 'Анализ судебной экспертизы iPhone на базе Linux Sanhoki', 'Корпус и рама из алюминия', 'Распылитель;', 'Devyasil (Оман)', 'Аптечная служба NQA', 'Психическое состояние восстановлено.', 'Его можно лечить любыми средствами, включая праздники и манипуляции', 'Университет науки и технологий Аджмана', 'Университет Хубэя (Китай)',
'Сентябрь 2015 г. Afshan Evolve Global Solutions Ltd. в настоящее время управляет рядом проектов, предоставляя специализированную техническую помощь таким организациям, как Британский совет, британские и международные колледжи, национальные и правительственные агентства.',
'5В071600 Приборостроение B064 Механика и металлообработка Математика - Физика',
'Автомобильные аксессуары для салона,Поставщик и производитель автомобильных аксессуаров для салона в Китае',
'4. Первоначально слой материала в мешке. Позднее покрытие ACTS в качестве фильтрующей среды.',
'01 января 1970 г. ПРЕСС-РЕЛИЗ. Казахстанская золотодобывающая компания "RG Gold" завершила программу бурения с целью оценки запасов и наметила дальнейшие шаги по развитию проекта - Verny Capital - лидер в секторе частных инвестиций в Казахстане',
'Площадь рубки: 2000 * 3000 мм',
'5. Покидая Лас-Вегас (1995)',
'Винтовая дрель',
'Высокотемпературный магнит',
'AZU-105 / CH-105',
'Компромисс между расходами на опросы и ошибками исследований' - классическое, объемное произведение Гроувса (2004).',
'iPhone X с включенной камерой',
'О приобретении 100% акций ROMALTYN LIMITED, компании, зарегистрированной в соответствии с Законом о компаниях острова Мэн под номером 117541C, расположенной по адресу International House, Victoria Street, Castle Hill, IM2 4 RB Douglas, Isle of Man.',
'Ирина Курбанова, координатор Инициативы публичной политики. Ирина работала в отечественной журналистике и международных бизнес-структурах. Получила степень магистра по регионоведению: Центральная Азия в Казахстанско-Немецком университете в 2012 году. Молодежь в рамках инициативы "Публичная политика"
выпускник проекта для исследователей.',
'Детские сады в Уфе, Калининского района все хорошие. Есть, конечно, и те, у которых много негативных отзывов, но на данный момент это лучший — детский сад № 16. Найти его можно в корпусе 1, Гражданский проспект, 7. Связаться с ним можно также по телефону: + 7 (812) 535 01 48. Помимо прочего, у детского сада есть свой сайт и электронная почта. Всего в учреждении 11 групп, в том числе 3 для детей младшего возраста и 8 для общего развития.',
'Тапио говорит: «Мы действительно нашли SP Solutions через местного поставщика решений и оборудования Dakota Riggers. Они знали, что мы ищем способ получить точный вес деталей и целых прицепов, которые мы изготавливаем; это важно для наших производственных процессов и клиентов.',
'Лазерный генератор (Raycus RFL-C500) запчасти:',
'Как сломать веб-грамотность? То есть, на видео показано, как юзать скрипт и он проверен любым браузером 100% рабочий. https://www.youtube.com/watch?v=DU0uq37mXYQ вот полная версия https://www.youtube.com/watch?v=k7PKbgv3CKQ вот текстовая ссылка: https://yadi.sk/d/-YsXZuyJr4Qsu распространяется в письме',
'Финансово-экономический факультет (далее - КЭБ) является структурным подразделением АО "Казахстанско-Британский технический университет" (далее КБТУ или университет).',
'Мокрая киску',
'● Пылезащищенность, низкий уровень шума и высокая эффективность',
'- Вы говорили, что актуарий сейчас в дефиците. Почему молодежь не идет учиться на эту специальность? Иначе, проблема в другом?',
'Примите Иисуса',
'- ширина канала составляет 250 метров в глубину, высота - 9 метров',
'Manzanal del Barco (4 км)',
'Будь то костюмы, свитера, сундуки, конфеты или большие футболки - все можно купить по очень хорошей цене в мужском отделе.',
'Корпоративный экологический фонд "Живая Земля" был основан в 2010 году как некоммерческая организация.',
'электробезопасность;',
'5gm test cyp',
'Последнее обновление: 04 июня 2018 г. 15:38',
'Anlim M',
'Женская психология',
'Bed5',
'Церковь-крепость "Аблаинкит" джунгарского периода классифицируется как памятник архитектуры XVII века (мемориал). 17 февраля 1949 года в комнате 133 Совета, утвержденного Министерством сельского хозяйства, 9 отделений включены в государственную охрану и государственный список.',
'Красивая девушка, тайка',
'A: Размер любой партии подлежит отборочному контролю в соответствии с международным стандартом AQL. Проводится 100% косметический контроль.',
'Для СПА, бани и сауны',
'< start="1919.981" dur="5.039"> Экономические затраты. >',
'На данный момент (21 сентября 2013 года 20:07 по киевскому времени) курс обмена Национального банка Украины составляет 2,5303. Таким образом, 1000 российских рублей = 253,03 украинских гривен.',
'Маркетинг и реклама:',
'* Комфорт: Режим управления отраслью мирового уровня ниже механизма снижения слабости оператора',
'Районные акиматы обязаны выплатить задолженность строительной компании в размере 32 млн. тенге',
'ОАО НАСК «Оранта»',
'Проект был завершен 3.8.2016',
'16 апреля 2010 года в 7:23 утра',
'Браслет из натурального аметиста',
'Чтобы зарегистрироваться на официальный тест IELTS, вы можете перейти по одной из этих ссылок IELTS Vancouver или Conestoga College IELTS среди других центров тестирования в Ванкувере.',
'1.12. Только в определенных случаях отель может принимать бронирования на негарантированной основе. При таком типе негарантированного бронирования Гость получил номер, а Отель оплатит ранее забронированный номер в случае неявки. Такой тип бронирования происходит, когда Гость не хочет брать на себя никаких обязательств перед Отелем.',
'График отчетности акима района Макат (23 января 2017 г.)',
'- Ранее вы играли против македонских футболистов в Скопье. Помните?',
'Главная страница "Мой аккаунт"',
'17 комментариев',
'Студент Назарбаев Университета, 21 год, проходил летнюю стажировку 2015 года в Бостонском университете, в лаборатории профессора Томаса Гилмора.',
'"Электронное правительство" - это интеграция и координация внутренних информационных систем и государственных электронных информационных ресурсов, инфраструктура электронного правительства;',
'Производители Dl- Калий-натрия тартрата - Китай Поставщики Dl- Калий-натрия тартрата, завод',
'"Али и Айя" в 2015 году - мультфильм',
'Учителя знакомят студентов + сайты',
'Бизнес-идеи (3)',
'Астанинские спортсмены завоевали 16 медалей на чемпионате РК по плаванию - Управление культуры и спорта г. Астаны',
'< start="1472.965" dur="2.115"> Он сделал это. >',
'Май-август',
'Завод по производству лейок-раскладушек, поставщики _ Китайские производители лейок-раскладушек',
'В соответствии с пунктом 2 статьи 10 Закона Республики Казахстан от 18 ноября 2015 года № 410-V «О противодействии коррупции» (далее — Закон) субъекты квазигосударственного сектора разрабатывают антикоррупционные стандарты с участием общественности.',
'Служба МНП (Моб.ile Number Portability, перенос номера мобильного телефона) позволяет абоненту сменить оператора мобильной связи, сохранив существующий номер мобильного телефона.', 'VialTweeter at UP200St 200 W 26kHz ультразвук небольших флаконов, например Eppendorf 1,5 мл',
'Контейнер Бизнес Центр',
'/ Продукция / Прогормон / Норэтистерон энантат порошок (3836-23-5)',
'Возраст: 4-5 лет',
'Специальная информация',
'Цена: 2 650 тенге',
'11 июня, 16:50',
'3-я песня для гитары',
'Субсидии',
'Советуем сочетать их с туфлями Chanel на каблуках или ботинками в стиле Tweed или коротким жакетом Tweed: вы будете полностью готовы к моде 2019 года.',
'Ремень 35 км',
'Испаритель Cooler',
'Стеклянные крышки MYHH02072',
'Импульсная душевая система bonzai 1017-S (2)',
'6D120200 - Ветеринарный санитарный скачать',
'5.2 Заходя на сайт, вы соглашаетесь на доступ к контенту только в личных, некоммерческих целях. Никакой контент не будет загружен, скопирован, воспроизведен, передан, сохранен,',
'Установка нержавеющей стали',
'WINASKIN – CSGOBET.CLICK - Большой список ВСЕХ хороших букмекеров CSGO WEB сайт',
'Косметология лица',
'Многие купальщики любят возможность наслаждаться своим здоровьем. Компания Pinocchio дает небольшие рекомендации о том, как правильно и полезно принимать ванну:',
'Tongda имеет профессиональную команду инженеров для проведения различных исследований материалов, а также разработки OEM-продуктов для клиентов. Для обеспечения качества продукции была построена лаборатория с таким оборудованием, как рентгеновская лаборатория Tongda, КИМ, спектральный анализатор, металлографическое исследовательское оборудование, магнитопорошковый дефектоскоп, твердомер, ударная машина и универсальные испытательные машины.',
'10 июня 2019 г. Запуск «Офиса оценщиков» в Жилстройсбербанке сократил сроки рассмотрения кредитных заявок',
'< start="2398.8" dur="3.86"> все находятся в состоянии нервного истощения. >',
'В 1977 году профессор Мейрам Курмангалиев открыл в стенах тогдашнего КазПТИ факультет машиностроения. Позже он был реорганизован в Институт машиностроения, технологии и экологии, а в 2011 году ему было присвоено имя первого ректора Казахского горно-металлургического института Ашира Буркитбаева, а институт получил новое название. Благодаря Институту промышленной инженерии, подготовившему множество талантливых выпускников, промышленный потенциал Алматы по-прежнему остается одним из самых сильных в республике.',
'КАЗАХШ',
'В Центре хирургического и интервенционного лечения сердечно-сосудистых заболеваний внедрены инновационные медицинские технологии',
'Молекулярная масса: 771,06',
'Aggreko.com использует файлы cookie для предоставления вам наилучшего сервиса при посещении нашего веб-сайта. Нажимая или прокручивая, вы даете согласие на сбор информации на веб-сайте aggreko.com. Узнайте больше',
'Бункер Хилл Битва',
'Специальные клеммы для счетчиков Grid',
'ЛАТУННЫЕ фитинги',
'Внедрение передового европейского производственного оборудования и технологий, у нас есть полные линейки продукции, высокая прочность, обширный инвентарь, а также у нас есть различные кровельные строительные материалы, аксессуары, передовые производственные технологии.',
'Целевая аудитория для обучения PMP',
'Xiamen Westfox Imp. & Exp.Co., Ltd. © Copyright - 2010-2019: Все права защищены. Избранные продукты , Карта сайта , Мобильный сайт',
'1:23 И были назначены двое: Иосиф, называемый Варсавой, прозванный Иустом, и Матфей.',
'Глубина проникновения иглы после нагревания составляет 0,1 мм, % от отпечатка, не менее 46',
'Способы оплаты',
'1. Неизвестная/скрытая фаза. Во время этой фазы вирус не совершает никаких действий.',
'122 Грант Morris Animal Foundation на медицину Миссия Morris Animal Foundation (MAF) заключается в объединении науки и ресурсов для улучшения здоровья животных. Для достижения этой цели он финансирует научные исследования в области здоровья животных, которые имеют высокую научную ценность и способствуют улучшению здоровья животных. Morris Animal Foundation www.morrisanimalfoundation.org',
'Oils Speaker 8 Ohm',
'Hmuraya, рюжжы',
'Статья 28. Ответственность за нарушение законов Республики Казахстан о кредитных товариществах',
'Наша школа',
'Управление своей любовью на расстоянии - это милый и нежный способ любить их, а не позволять им постоянно управлять вами. В любом случае, это должна быть любовь, чтобы дарить любимое шоу, не так ли?!',
'2) Разработка предложений Президенту Республики Казахстан по вопросам внешней политики и внешнеэкономической стратегии Республики Казахстан и реализации международных инициатив Президента;',
'Феминоз',
'Белка белая',
'Оранжевый цвет М3*5,0*25 мм fm-алюминиевые шпильки',
'но он также является бытовым чистящим средством. При чистке салона вашего автомобиля',
'Конечно, он вам нравится. Попробуйте привлечь его внимание и провести время вместе, но не делайте первый шаг. Подождите, пока он сам не попросит вас быть вместе. Поддержите его интерес. Себяследите, он хочет узнать вас получше, поэтому он хочет проводить с вами больше времени. Дайте ему возможность полюбить вас. Оставьте достаточно места, чтобы он чувствовал ваше отсутствие.',
'check itemCtrl+Shift+I',
'Пик Хан-Тенгири (H-6995)',
'iMedia Project 2019 stream module two has started',
'Вельш-терьер',
'реформа 3M8 North Pickens Airport G.A. 0',
'Партнерская программа',
'Количество: 40 / 2, 40 / 3, 30 / 2, 30 / 3, 20 / 2, 32 / s, 6 / 3, 9 / 2 и больше',
'Истекает: 12/30/2018',
'автоматический перевод',
'Регулярные выезды и поездки в качестве портного конкурентоспособны и соответствуют вашему бюджету. Budget Safari Holidays предлагает частные трансферы из аэропорта Килиманджаро в Арушу. Мы также предлагаем наземные услуги, включая бронирование отелей и трансферы из аэропорта в городские и загородные отели.',
'Команда Badoo',
'Проверка выявила более 600 уникальных ниш для бизнеса. Из них профинансировано 145 проектов на общую сумму 397,6 млн. тенге, ожидается создание 169 рабочих мест.',
'Часть 6-2 - председатель и заместитель председателя конкурсной комиссии, а также члены конкурсной комиссии;',
'Сфотографируйте световую стену на смартфон или фотоаппарат, загрузите сюда и мгновенно получите профессиональную фотографию на свой документ: Паспорт Катара 38х48 мм (3,8х4,8 см)',
'Профессиональный английский для журналистов',
'Два Державина у соседей',
'Статья 8. Компетенция уполномоченного государственного органа по защите государственных секретов Республики Казахстан',
'Где она? Она взяла Аркейн',
'Оспанов Ербол Аманжолович',
«Правительство Казахстана и ТНК Valmont Industries подписали документ о реализации инвестиционного проекта в агропромышленном комплексе Правительство РК и ТНК Valmont Industries написали документ о релизии инвестиционного проекта в АПК РК и ТНК Valmont Industries ТНК АИК загрузка о представлении документа по использованию концентров»,
«Контактные телефоны: 8 (7172) 39 33 33, 38 41 06»,
«Здесь все — в очень маленькой миниатюре, на 20-сантиметровой шпильке, с красными губами и синими тенями, покрыто светлыми волосами и украшено драгоценностями, напоминает звенящую на елке елку. И она уверена, что она самая красивая и удивительная. Такая самоуверенность только интересна.',
'поставщик гидравлических станков с ЧПУ для маятниковой резки пластин',
'Айкерим Калаубаева и Нурлан Алимжанов',
'Другие аксессуары — купить в Алматы _ Vagonka.kz',
'Китайский торговый центр завод и производители _ Frontop',
'EUROASIA Import - Export GmbH',
'Автоматическая настройка учетных записей SMTP на сервере, простая обработка, производство, загрузка XMailer. Это лишь краткое описание всех возможностей XServers!',
'Компания Changzhou Longs Motor Co., Ltd была основана в 2000 году в городе Чанчжоу, Китай, как профессиональный производитель двигателей. Производственная мощность превышает 0,6 млн двигателей в год. Гибридные шаговые двигатели, бесщеточные двигатели постоянного тока и драйверы двигателей: наша компания предлагает три основные серии продукции.',
'Испытанные ставни с подвижным шпинделем ГОСТ Р 53672-2009',
'3. Нажмите CTRL+U или ⌘+Option+U (при использовании Mac OS X), чтобы просмотреть исходный код страницы.',
'Безвредный химический масляный баллон',
'< start="470.968" dur="4.237"> ВАЖНОЕ УВЕДОМЛЕНИЕ И УСЛОВИЯ >',
'Код страховщика Ss: 813055',
'Посещая наш сайт и/или приобретая что-либо у нас, вы переходите в раздел «Услуги» и соглашаетесь со следующими условиями («Условия обслуживания», «Условия»), включая дополнительные условия, доступные по ссылке и/или гиперссылке. Настоящие Условия использования распространяются на всех пользователей сайта, включая браузеры, продавцов, потребителей, торговцев и/или авторов контента.',
'Soldeu & Andorra',
'All stores42',
'ALL rate: 19.4',
'Islam.kz национальный, духовный и образовательный портал: http://www.islam.kz',
'"Flower Happiness" (Fusco),',
'series Proudct name part number Contactors Held',
'4 Ordabasy M 4 3 0 1 8 5 3 9',
'Переводы с пенсионных выплат в страховые организации Казахстана достигли 25,2 млрд. тенге.',
'Жесткие фото и брутальный анальный секс',
'Количество студентов, желающих поступить в APEC PetroTechnic в 2018 году составило 700 человек, в 2021 году - 800, в 2025 году - 1000.',
'Angry Птицы 2, Машина за миллион и Спасатели: интересные киноновинки недели»,

Коктейль ED Smart MELON»,

Изменения в руководстве ГК «Верный капитал»,

11-12 июня в 10:00»,

Требования»,

Компания «Агро-Лига» также специализируется на поставках сельскохозяйственной техники и оборудования.»,

Подключение к системе от GPS/ГЛОНАСС GlobalSat Technology Corporation»,

Первый этап аккредитации — 2014 год»,

Растение может быть хорошим. Для посадки рассады отбирают головки не более 2,5 см. Севок замачивают в тепле, дезинфицируют и обрабатывают стимуляторами роста. ПочваПрогревается до 10 градусов, заглубляется на глубину до 5 см.',
'Обзор научно-технических журналов',
'Промышленные теплицы «Фермер» спроектированы в соответствии со СНиП 2.10.04-85, предназначены для промышленного выращивания овощей, ягод и рассады. Основание теплицы в фермерском хозяйстве собирается из оцинкованных профилей на болтах.',
'Хранят «Декис» в обычных для пестицидов условиях: в помещении для хранения продуктов, в шкафу и т.п. в таре, недоступной для детей и животных. Диапазон температур хранения от -20 до +40 градусов по Цельсию. Хранение деканата не принимается в той же таре, что и биологические продукты.',
'Liam _ Хранение поезда',
'Пример вопросов и ответов ITIL Examiner 2017 »ITS Tech School',
'Адрес:',
'Шымкент-Москва',
'эндокринные заболевания (болезнь Аддисона, гипертиреоз, диабет с периферической нейропатией);',
'скидка $335 $399',
'• Развитие структуры института в направлении инновационного развития страны;',
'Адаптация коневодства к экспорту 18 января 2017 года',
'Вежливый персонал',
'Новости _ Правила _ Мероприятия по сшивке _ Документация _ Адреса букмекерских контор _ Контакты',
'День святого Валентина Alyce Lyrics',
'Блокчейн изменит рынок страхования',
'Постановление акимата Карагандинской области от 1 января 22, 2019 Постановление № 04/03. Зарегистрировано в Департаменте юстиции Карагандинской области 25 января 2019 года под № 5168',
'Абитуриенту дополнительно необходимо:',
'Паспорт университета',
'Рэйчел Азиани получает быстрый оргазм перед ночным городом',
'Построенный на принципах справедливости, совершенства и гармонии, Ньюкаслский университет имеет репутацию учреждения мирового класса, которое оказало влияние в своем регионе, по всей Австралии и во всем мире',
'Адрес: 060000, г. Атырау, ул. Айтеке би. 77',
'Впервые в Республике Казахстан в Национальном научном центре кардиохирургии проведена дорогостоящая, высокотехнологичная операция - имплантация искусственного левого желудочка сердца.',
'Просмотров: 11555',
'По итогам 2018 года в строительстве задействовано 12 инвестиционных компаний общей площадью 193 000 квадратных метров и 32,7 гектара земли. За годы работы кардиохирургического центра «Хоргос» заключено 21 соглашение на строительство инвестиционных объектов. Без учета объектов инфраструктуры площадь земельных участков составила 113,5 га, а площадь зданий достигла 805,4 тыс. кв. м.',
'Казах - (Казахста)',
'Контурный проволочно-вырезной станок с ЧПУ',
'Гибкий шланг: местное среднее качество или испанская марка TUCAI',
'Моноизотопная масса 389,138 г/моль',
'А вся группа или база? Мое решение об отзыве3 месяцаМодная косметика',
'Саламатова Жанерке Саламатовна',
'Адаптеры Deppa Nano & Micro Sim',
'Не нужно идти к врачу или в химический клуб',
'Лицензия на проведение банковских и иных операций № 1.1.260 от 19 июля 2019 г.',
'Григорьевский проезд (Н-4230) _ Жетысу',
'К. Санкибай батыра, 22К, БО "Казына"',
'3 Положение о сетевом педагогическом сообществе "Лидерство в образовании"',
'Чем вы занимались во время стажировки в Milton Kinzin's English?',
'Вид ясный Misty',
'Опубликовано 30 августа 2018 г. carlosclearman',
'5 Вт/кв. см',
'Ректор БЛОГ»,
«99,7% алюминиевая керамическая труба и трубки»,
«Азиз Есенбаев»,
«Монографии:»,
«Что еще?»,
«[Что я могу сделать?] Консалтинг - путешествия - развлечения»,
«Современная бурятская этносфера: этническая и художественная культура»,
«ОЗАТ - фриланс, вакансии, задания. Это платформа для поиска удаленной работы (фриланс), постоянной или разовой работы, вы можете получать стабильный доход в Интернете, выполняя задания, не выходя из дома. Список таких задач бесконечен: разработчики, переводчики, репетиторы, консультанты, копирайтеры, врачи, юристы... Выбирайте то, что вам больше подходит.',
'Хит продаж 2018 года: электропроводка из металла EMT',
'Юбка для подростков',
'Электронные диоды',
'GKT предназначен для крепления декоративных элементов и гипсокартона к бетонным, кирпичным и оштукатуренным основаниям, а также приклеивания гипсокартона и декоративных элементов из пенопласта.',
'Знаки шопоголизма',
'Модернизация радиоприемника 4 серии F32/F33/F36',
'Наши клиенты',
'Copyright 2019 \\ none \\ 5 правил счастливых отношений, которые знает только умная женщина',
'Номер модели: CE0025',
'Dr. Ирфан Шахзад, ведущий координатор Института политических исследований, Пакистан.',
'Успешный онлайн (38)',
'21.03.2020 Шымкент – Стамбул - Шымкент',
'Номер модели: RJ-3000L Бренд: SLET',
'Преимущества SEM639C:',
'На 10 мм выше.',
'Цель проекта: создание магистерской программы по компьютерной лингвистике для студентов бакалавриата с лингвистическим образованием и базовыми знаниями в области компьютерных наук, а также внедрение технологий смешанного обучения в специализированные курсы в рамках инициативы вузов Казахстана и Узбекистана',
'Габриэль сказал:',
'Роксанна Пеннер является владелицей 4Pillar Early Learning Center в Пауэлл-Ривер, Британская Колумбия.',
'Цена: €0.907 EUR (0.000115)0.0127%',
'Примечание: Размещение / YMCA (ранее University Student) с самообслуживанием и доступно только для курсов в июле-августе.',
'Время молитв в Атырау (Атырауская область) - апрель 2018 г.',
'Официальный сайт: http://www.parlam.kz/kk/senate',
'Тунисская келья',
'Описание здания',
'От 50% от стоимости имущества',
'Медиа _ "OTKH" JV" LLP',
'Невозвратный: 0.0351 YBC',
'Украинская филология преподается в университете с 1848 года, когда кафедру филологии возглавлял Патриарх Я. Головацкий (1814-1888), автор трудов «Грамматика патриаршего языка» и «Галицко-венгерские русско-народные песни». В 1849 году ректором университета был назначен Я. Головацкий. Работу Я. Головацкого продолжили В. Огоновский, В. Колесса, К. Студинский и Свенцицкий. Величайшим достижением В. Огоновского стала шеститомная «История патриаршей литературы». ', 'PSU 32 означает, что мне нужно знать, является ли это ошибкой, чтобы выключить мой ПК? Через неделю он поддерживает только процессоры Intel i7, ipconfig. 32 ошибка Спасибо, Кайл Проверьте это Отсоедините вентилятор корпуса, так как это заставит адаптер работать правильно. Это происходит в каждой неисправной системе, но есть ли у кого-нибудь умные идеи по обновлению? Все это можно найти в системе system32 ipconfig каждые 20 минут или чаще. ', '17 апр. 0', 'Автомобили', 'Ультразвуковой полигидроксилированный C60 (Fullerenol)',
'CHEM-LAB-ANALYT',
'BikiniEat sausageSent pictureMilfToys',
'Gordon Ramsay beef WELLINGTON - recipe.',
'В целях повышения и стимулирования педагогического мастерства преподавателей колледжей внедрить результаты предметно-цикловой комиссии, научно-методической работы PCK и результативности преподавателей и качества преподавательского состава в виде рейтинга по результатам 2017-2018 учебного года.',
'Давайте поймем, что с ростом объема этих данных каждый бизнес развивается в геометрической прогрессии. Возникли различные трудности, в том числе и в управлении IT-генералами. Для преодоления таких трудностей в бизнесе управления ITIL стала известна ITIL или IT Infrastructure Library. Сертификация ITIL делится на уровни ITIL Foundation, ITIL Intermediate и ITIL Expert.',
'Здоровье и Спорт»,

Engelhartstetten»,

Изотермический полуприцеп «TERMOS» » Sako Group Kazakhstan»,

АЛМАТЫ»,

Memmingen (FMM)»,

Рычаг тормоза: гидравлический рычаг тормоза ZOOM»,

Адрес: 010000, г. Нур-Султан, ул. Достык 16, Talan Towers»,

NPACK назначает персонального менеджера проекта, который поможет вам со всеми деталями необходимого вам оборудования; Соберите важную информацию о вашем упаковочном решении, всегда работайте над оценкой ваших спецификаций и графика и убедитесь, что проект соответствует требуемому графику.»,

Граждане, получающие льготы при участии в государственном образовательном гранте:»,

Научные сотрудники кафедры ежегодно участвуют в республиканских и международных научно-практических конференциях, проводимых вузами Республики Казахстан, выступают на них с докладами и публикуют статьи в сборниках конференций, в том числе с импакт-фактором.»,

Университет»,

- Я был в Холме всю свою жизнь, потому что мне не нужно переезжать, сказал он.', 'Книга, изданная к 75-летию университета', 'Контроль качества - Dongguan Ruizheng Industry Co., Ltd', 'Прошло несколько дней, я схожу с ума. Пожалуйста, кто-нибудь, помогите мне?', 'Главная » Для инвесторов » Собрание акционеров', 'Дорогие люди!', 'Мощность двигателя увеличивается примерно на 10%, производительность и реакция машины улучшены (по сравнению с серией H).', '8 композитных носков безопасности водонепроницаемый самолет шнуруется ...', 'гидравлический Ironworker John DIW-250E / DIW-250L', '1) содействовать экологическому образованию, представить парковый сервис в СМИ;', 'Все материалы', 'Продано портативное зарядное устройство Huawei емкостью 5000 мАч', 'Извините, эта запись доступна только на казахском и русском языках. Авторский коллектив Академии права Органы принудительного исполнения (авторы: Э.Н. Бегалиев, А.Б. Турсынов и Ш.Ш. Шаяхметов) совместно с Комитетом по защите прав детей Министерства образования и науки Российской Федерации «Ребенок дома […]»,
«Сколько раз можно снять талон со счета?»,
«Статья 234. Индексация сумм снятия денег»,
«Компания Zybo ZhuoXin Pump Industry Co., Ltd. расположена в вековом промышленном городе, известном как насосная столица Китая — городе Цзыбо провинции Шаньдун. Благодаря команде профессионального технического персонала, собственному оборудованию и полной системе менеджмента качества компания ZhuoXin стала ведущим производителем вакуумных насосов и вакуумного оборудования в Китае — известный ?nd?rush?.»,
«- отсутствие самодостаточности;»,
«Лосось, запеченный в соусе из трав жареная котлета овощи Мясная лазанья картофель гуляш Карпаччо из говядины Греческий салат - пошаговый рецепт с фотографиями суп чечевица томат авокадо салат',
'Логин и парольвставка',
'Кубок Европы по дзюдо среди взрослых пройдет в Саарбрюккене (Германия) 14-15 июля. Ожидается, что в двухдневных соревнованиях примут участие 549 дзюдоистов из 31 страны. В соревнованиях примут участие 12 мастеров татами из сборной Казахстана. Они:',
'Аксессуары Кабель питания x 1 Руководство пользователя x 1',
'Частое нарушение микрофлоры мочеполовых органов, приводящее к развитию воспалений.',
'Allister Carter - 132, 107 2',
'Коврик для шитья, набор ковриков для шитья, швейные изделия оптом в Китае',
'Балконные растения - ошибки ухода _ ...',
'TBL1412, TBL1412A, TAPM1412 Формовка углов с ЧПУ разметка и линия сдвига',
'Семинары, тренинги, мастер-классы по продвижению продукции и психологии клиента.',
'За столом сидит caricej,',
'Benetice {['О сайте']}",
'Угловой клапан никелированный',
'Получение сертификата',
'7дней, ~ 1000шт 500: 10дней - 100 ~ Срок изготовления 500 шт.',
'Россия-Азия',
'Выставки, в которых можем принять участие в 2018 году',
'Артикул WO 1000M-AC1 WO 1000M-AC2 WO 1000M-AC3',
'Разработка концепции рекламной кампании (определение текущей ситуации, задач рекламной кампании, целевых групп, выбор рекламных каналов, медиапланирование и т.д.);',
'Заведующий лабораторией алюминия и глины - к.т.н. Абулвалиев Р.А., тел. +7 (727) 298-45-31, e-mail: rin-abd@mail.ru',
'и Полимерная ножка, 29*5 мм;',
'Добавьте два ведра перегноя,',
'Программа «Дорожная карта бизнеса 2020»,
'Сертификат CE медицинский стоматологический Автоклав цена',
'Высокое качество графики модель',
'Italystaff предлагает. Доставляем мебель из Италии и Европы на дом клиенту. Услуга включает подбор товара по каталогу, корректировку цены, оформление НДС, доставку, таможенную очистку, установку. Наши офисы в Москве и Италии (Пезаро). Дополнительные услуги: посещение фабрик, салонов и выставок в Италии и Европе, а также проектирование вашего дома или подбор или строительство недвижимости в Италии.',
'10 июля 2019 года в справочник финансовых инструментов учетной системы Центрального депозитария были добавлены международные облигации под названием XS2027948582, эмитентом которых является ЕВРОПЕЙСКИЙ БАНК РЕКОНСТРУКЦИИ И РАЗВИТИЯ (ЕБРР).',
'Гл 8 Лука – 2fish',
'Видео подростки и лесбиянки смотрят',
'Понятие движения «вернулся во Францию» вместе с эмигрантами, бежавшими от советской власти. Как и многие люди, это слово предали анафеме, считая его пережитком царской империи. Колхозники и рабочие не приняли это понятие, они не понимали французской любви. Однако это слово до сих пор циркулирует благодаря произведениям советских авторов, в основном иронично, путая и высмеивая всю интеллигенцию. Итак, слово «Моветон» к нам «возвращается» уже много лет и претерпело на своем пути достаточно репрессий.',
'Информация',
'Кафедра инженерной физики — Satbayev University',
'Проекты ветроэнергетики',
'Выпуски, 198',
'Логотип фестиваля «Байконур»',
'• 1917 год — третья книга «Ак Room», издана издательством «Солтустик аса жикины» тиражом 2000 экз.',
'В результате аварии с участием локомотива и схода вагонов с рельсов был нанесен ущерб имуществу владельцев вагонов. По результатам расследования владельцам поврежденных автомобилей будут произведены страховые выплаты на общую сумму 61 ​​294 476 тенге.',
'Производители и поставщики черного карбида кремния _ Китайский завод черного карбида кремния',
'1) «живое содержание» Сказал Бог, а кто врет, он.',
'LED 427B 20W WH 5000K доступен для покупки 1',
'Гидравлический роторный отрезной станок QC12y-6×3200',
'Поэтому сертификат о происхождении товара по форме «СТ-1» выдается на товары, экспортируемые из Республики Казахстан в страны-участницы Соглашения о создании зоны свободной торговли (страны СНГ), а именно: Армения, Азербайджан, Беларусь, Грузия, Россия, Кыргызстан, Молдова, Таджикистан, Туркменистан, Узбекистан, Украина.',
'< start="3761.824" dur="3.737"> ЛУЧШЕЕ С КОРОНАВИРУСОМ. >',
'Постоянный магнит LIFTER-PLM300',
'Частота переключения',
'Чеферин переизбран на пост президента УЕФА',
'Загранпаспорт (срок действия не менее одного года)',
'В результате выполнения этих задач продолжительность жизни казахстанцев к 2015 году увеличится до 70 лет, а к 2020 году — до 72 лет',
'Водонепроницаемая перчатка для мойки автомобиля',
'Мотор вентилятора холодильника',
'Следующая статьяTrend CF',
'Прогноз погоды в Лихтенштейне',
'Белый жесткий ПВХ-пленочный материал для печати',
'Глава государства принял премьер-министра Аскара Мамина',
'Стоимость исходящего аудио-SMS составляет 15 тенге с учетом НДС',
'Модульные переменные системы',
'Многофункциональный светильник',
'А.Э. Кыдырбаева читает лекции по молекулярной биологии, эволюционной биологии и биофизике, проводит практические и лабораторные занятия.',
'Кристина, РТ, Хангану, Ф., Брезован, Д., Думитреску, Э., Муселин, Ф., Кьюрчиу, В. и Моток, АГМ (2014). Цитоархитектура стероид-зависимых целевых тканей после лечения нандролоном деканоатом по сравнению с тестостероном у кастрированных крыс с целью биоанализа Гершбергера. Rom J Morphol Embryol, 55(3 Suppl), 1143-1148.', ''Новая экономическая политика Казахстана "Нурлы Жол - Дорога в будущее" - новые возможности для сотрудничества между Хорватией и Казахстаном08.04.2015', 'У нас нет девушек для знакомства. Это все?', 'Талдыкорган, июль 2017', 'Размер: 50*50', 'Мы, скейтборд с отличием Hovershoes, называем это умным самобалансирующимся самокатом и роликовыми коньками, с которых выполняются трюки. Чтобы вы могли брать его с собой куда угодно и когда угодно.', 'Выпускникам присваивается степень магистра инженерии и технологий после 1,5 лет обучения или магистра технических наук после 2 лет обучения.', 'Посеребренный комплект "Кимоно" из 48 предметов LB-606-SP', 'Аскан Latina',
'Лучший lv 70 двухсторонний редуктор 2016 военный мир',
'Пусть границы нашей страны будут нерушимы, наши границы будут крепки, а наша родина будет мирной! Пусть в нашей стране будет непоколебимый мир! Пусть наш флаг реет высоко, а наша честь будет возвышена! Пусть наша Армия победит! Казахстан готов!',
'Добровольная точка 177-178 °C',
'< start="1603.532" dur="9.376"> СЕГОДНЯШНИЙ КАРАНТИН >',
'3) в случаях, когда данная организация занимается сбором такого вознаграждения без заключения лицензионного договора, размер вознаграждения согласовывается с пользователями (статья 26 и пункты 2, 3 статьи 39 настоящего Закона);',
'Bridesmaids slots _ Slot Fruity New Games! £ 500 + £ 5',
'Танцоры',
'Тако - традиционное мексиканское блюдо. Мексиканские лепешки - основная часть этого блюда - лепешки. Подаётся как гарнир. Например, курица. Поэтому курица готовится! Инг ...',
'Чудо можно использовать при лечении тремора, а также в традиционной медицине, такой как пчелиный яд, лечебная терапия (гирудотерапия) и фитотерапия. Народные методы дают временный результат и должны применяться только под наблюдением специалиста. Также для расслабления мышц можно практиковать восточные практики самоконтроля и расслабляющий аутотренинг. Например, йога-мурра даёт значительное облегчение состояния. Эта индийская гимнастика использует различные комбинации положений пальцев для координации течения внутренних токов в организме.',
'1 ведро песка, толчёной глины, торфа и перегноя,',
'Монголия',
'< start="1401.666" dur="4.705"> Очень хороший вопрос. >',
'Что вы ищете?',
'Главная > Продукция > Мешок для уборки > Высокотемпературный пылевой мешок P84',
'Бесплатный пробный период услуги в течение одного месяца.',
'Этот светлый праздник способствует сохранению неизгладимых духовных и нравственных ценностей, укреплению высоких гуманных инициатив в жизни общества.',
'< start="2838.8" dur="7.84"> БИЗНЕС Малый, средний и >',
'АО "Уманьферммаш" -10%',
'Начальник отдела по работе с сотрудниками сети ресторанов быстрого питания Ксения Садовская начала страховать пенсии 12 лет назад.',
'уменьшить или, наоборот, повысить аппетит;',
'ca-1530 горячая распродажа и хорошие характеристики портативный плазменный резак с ЧПУ / портативный плазменный резак / плазменный резак с ЧПУ',
'У нас все просто. С 1 января 2018 года периодичность страховых выплат по пенсионным аннуитетам должно быть ежемесячно.',
'5 октября в Нур-Султане прошла Международная ярмарка образования-2019. Цель данного мероприятия - дальнейшая интеграция в мировое образовательное пространство, содействие развитию образования... →',
'Много разнообразия!',
'Пансионат "Жумбактас"/Бурабай',
'беременность, лактация,',
'- стажировка по дерматовенерологии -2008-2009 гг. (Астана).',
'26 января - 0:00',
'Средства для улучшения мозгового кровообращения Berlin-chemie Kurantil Комментарии',
'Металлические трубы',
'Она взяла микроскоп Лайза',
'пресс-релиз',
'Применимость: 12-14М Городские автобусы и междугородние автобусы (Температура окружающей среды 55 ℃)',
'Код экзамена: 312-50 (экзамен ECC), 312-50 (ВУЭ)',
'МЕМОРАНДУМ по религиозным вопросам для граждан Республики Казахстан, выезжающих на учебу за рубеж - Культура города Астаны, архивы и документация',
'Zepter International - Генеральный спонсор 15-го Гран-при Монако',
'Российская Федерация - Лаборатория Касперского',
'воздухопроницаемость (м2м2 / мин) 8~15',
'Кельты, впервые упомянутые в европейской истории около 500 г. до н. э. после переселения Европы, тогда проживали в северной части; вокруг Дуная и западной Германии. В Европе они были известны под названием "gaeler" или "net".',
'Для использования MIELTA M1 GTS4B укажите следующие параметры в конфигурации устройства:',
'Вы ищете другие Broads?',
'Masdar Institute of Science and Technology Abu Dhabi',
'- Продли свою жизнь;',
'Основная задача отдела - сформировать качественное и профессиональное ядро ​​профессорско-преподавательского состава институт. Бсын - одно из главных условий успешного развития института, научного потенциала и преемственности поколений.',
'Мы постоянно растем и в настоящее время:',
'Лысый парень',
'за мной гонялись - я не терял духа',
'В свое время татуировки с бриллиантами были редкостью и их было очень сложно рисовать. Появился ряд новшеств, с которыми люди экспериментируют, процесс нанесения татуировки с бриллиантами упростился. Сложность нанесения татуировки с бриллиантом варьируется.',
'Вы также можете попробовать снова использовать расширенный параметр jQueryUI (1.8.24 — хорошее число)',
'127 качество, Стандартизация и сертификация 3600',
'конфигурация',
'A: Гарантия на все наши машины один год.',
'Встроенный Bluetooth',
'Что нужно сделать, чтобы подключить инженерные сети внутри квартиры (освещение, холодная и горячая вода, газ)?',
'Убивает инфекцию и бактерии.',
'С наилучшими пожеланиями, Альбина Кузнецова',
'19.09.2019 В Нур-Султане состоялось заседание международной ассоциации «Координационный совет по Транссибирским перевозкам»',
'Просмотры: 8564',
'Asia Ташкент N/A',
'Ректор Международного казахско-турецкого университета имени Ходжи Ахмета Яссави Болатбек Абдрасилов провел пресс-брифинг о развитии науки в регионе. Представители региональных СМИ посетили мероприятие и ознакомились с работой, направленной на развитие научного потенциала. В частности, в этом учебном году контингент магистратуры, докторантуры и ординатуры в нашем университете увеличился на 30%. С отечественными передовыми научно-исследовательскими центрами и институтами (Национальный центр биотехнологии Министерства образования Республики Казахстан, РК […]',
'Сохраните то, что вы выиграли –; Проверьте Lucks Casino на бесплатный депозит в размере £200 –; Оплатите счет за телефон с Luck Casino!',
'Адаптогены или адаптогенные соединения – это молекулы, которые способствуют гомеостазу, то есть снижают чувствительность клетки к стрессу. Адаптогены содержатся в травах и овощах, таких как женьшень, лимонник, сордицепс, ашваганда, рхопатникум, йогогулан, корень солодки, родиола, священный базилик, астрагал, рейши и мака.',
'Британские леса EN74 / BS1139 Рукавный соединитель сжатый',
'6. Угол принятия решения регулируется электрически, уменьшая деформацию смещения пластины',
'архив Выберите месяц Март 2019 Февраль 2019 Январь 2019 Ноябрь 2018 Октябрь 2018 Сентябрь 2018 Август 2018 Июнь 2018 Апрель 2018 Март 2018 Февраль 2018 Январь 2018 Ноябрь 2017 Октябрь 2017 Май 2017 Апрель 2017 Февраль 2017 Январь 2017 Декабрь 2016 Ноябрь 2016 Октябрь 2016 Сентябрь 2016 Июль 2016 Июнь 2016 Май 2016 Апрель 2016 Март 2016 Февраль 2016 Январь 2016 Декабрь 2015 Ноябрь 2015 Октябрь 2015 Сентябрь 2015 Август 2015 Июль 2015 Июнь 2015 Май 2015 Апрель 2015 Март 2015 Февраль 2015 Январь 2015 Декабрь 2014 Ноябрь 2014 Октябрь 2014 Сентябрь 2014 Август 2014 Июль 2014 Июнь 2014 Май 2014 Апрель 2014 Март 2014 Февраль 2014 Январь 2014 Декабрь 2013 Ноябрь 2013 Октябрь 2013 Сентябрь 2013 Август 2013 Июль 2013 Июнь 2013 Май 2013 Апрель 2013 Март 2013 Февраль 2013 Январь 2013',
'Огурец Зозуля - правила выращивания',
'Часто молодые девушки, не задумываясь, говорят себе: "Хочу выйти замуж за богатого", и не понимают, что от них многого требуют',
'План стандартизации 2015-2017',
'Профессорско-преподавательский состав кафедры осваивает штатное расписание на 100%. Практически все преподаватели имеют базовое образование, из них 85 процентов проводить лекции на государственном языке.',
'Описание работы телефониста / Образец вакансий и дежурств',
'Поставщики пряжи и фабрика - производители пряжи в Китае',
'EXPO Residence находится в быстроразвивающемся районе Астаны, на площади Улы Дала, проспектах Кабанбай батыра и улицах Мангилик Ел и Турара Рыскулова.',
'- программы для сотрудников',
'Grabiel Rivera • 19 августа 2013 г. в 8:04 утра • ответить',
'Условное обозначение сухой растворимой добавки - цемента для плит, М100, СТ 35715 – 1910 – LLP – 01 – 2011',
'< start="761.75" dur="0.833"> Оооо! (Воздушный шум) >',
'заказать',
'Опубликовано: вторник, 21 июня, 2016',
'7.3. Номер телефона абонента;',
'главная » здоровье » Архив рубрики "диеты"',
'Услуги: OEM & ODM, Услуги по резке на станках с ЧПУ и нанесение логотипов, Аппаратные средства',
'2011 - Об утверждении Правил создания охранных организаций национальных компаний (04.08.2011 № 909 Закона Республики Казахстан)',
'молекулярная формула C28H44O3',
'2. Модели CD-принтеров могут быть оснащены датчиком определения высоты для защиты печатающей головки;',
'Кромко-фрезерный станок с ЧПУ',
'Макс. рабочее давление: : 100 бар',
'DIOLD TB-1-33 fotografija trimmer DIOLD TB-1-33 značilniki',
'Терренс • 19 августа 2013 г. в 11:01 Премьер-министр Республика Казахстан • ответ',
'Откройте файл KLM Panel.cfg, и верхняя часть должна быть следующей:',
'2 Cover Lens ND 446.05 * 271.18mm',
'Рабочая температура: -10 °C ~ 50 °C',
'Chrome Target Coverage 99.95',
'Об инвестиционных фондах',
'Что это говорит о Lives?',
'Справка о несудимости в Индии (PCC) 2x2 дюйма Размер фотографии и требования',
'Информационный бюллетень All Serious Internet MarketersОтправка писем. В процессе email-маркетинга цифровые предприниматели часто используют информационные бюллетени, чтобы рекламировать себя потенциальным клиентам в своих списках рассылки. Отправка персонализированных информационных бюллетеней через email-маркетинг — это самый прямой способ охватить подписчиков. Однако проблема в том, что большинство подписчиков электронной почты не открывают маркетинговые письма; а интернет-маркетологи не знают, сколько у них подписчиков.',
'Определения — Метод Миттейдера',
'Бренд: FUJIE OUTDOOR',
'ТРЕК-ЛИСТИНГ — 106 капель',
'Республиканское государственное учреждение «Комитет экологического регулирования и контроля Министерства экологии, геологии и природных ресурсов Республики Казахстан»',
'Казахские буквы для телефонов, поддерживающих казахские буквы Один файл (2,0 МБ)',
'2 года 2 месяца назад #507 от Gh0stRider203',
'Макс. Длина изгиба 6000 мм',
'Сюда входят 6 исследовательских кластеров в области медицинских наук (Lyonbiopole), нанотехнологий (Minalogic), химии и окружающей среды (axelera), пластургии (Plastipolis), текстиля (Techtera), спорта (Sporaltec) и общественного транспорта (Lyon City Trucks and Buses 2015).',
'По вопросам о нашей продукции или ценах, пожалуйста, оставьте нам свой адрес электронной почты, и мы свяжемся с вами в течение 24 часов.',
'Начальник отдела:',
'Столп',
'Студенты Дипломной программы два года...',
'Архив за май 2007 года',
'В этом году на территории государственного лесного фонда было потушено 429 лесных пожаров.',
'Медиапроизводство',
'Портативная барокамера - Гипербарическая оксигенотерапия HBOT',
'“KOKSHEBEL” в Боровом',
'Резюме personal@aktau-airport.kz',
'Защита интересов компании в судах',
'Понедельник-пятница: с 6 до воскресенья: с 9: выходной',
'Расслабляющие травяные ванны',
'Французская компания оплачивает смерть сотрудника, погибшего от полового акта во время командировки',
'Передачи: 6-ступенчатая бензопила Shimano.',
'Казахский',
'Андрей говорит',
'Белая соль вкусная, полезная и необходимая нашему организму, но мало кто знает, что это прекрасная альтернатива ей, которая достойна конкуренции.',
'У нас много ваших роботов, не беспокойтесь о запуске процесса разблокировки вашего PDF. Если они случайно, то начнется очередь. У нас это быстро продвигается, потому что у нас много роботов.',
"Страна E в начале: Эквадор, Эстония, Кот-д'Ивуар",
'может быть l?',
'112 Computer Systems Monitoring € 1800 € 2350',
'Кульсары, Апрель 2017',
'мы просим вас поделиться этой статьей, Взлом Clash Royale De Gemas, Этот инструмент работает',
'Семена, саженцы, посадочный материал, Саженцы фруктовых деревьев - анонсы Казахстан',
'Поскольку курение наносит серьезный вред здоровью человека, политика КПК в отношении курильщиков будет ужесточена, поэтому покупка полиса обойдется дороже.',
'Рождественская иллюминация',
'Клюшка отдохнула',
'Прошел футбольный турнир "Кубок Хабара - 2018" среди представителей СМИ',
'За время своего существования компания осуществила страховые выплаты на сумму более 27,8 млрд. тенге ', 'ECOZOR', 'Серокауи, Мексика', 'Хорошо известен в СНГ, Европе и Азии, аккредитован в США', 'Как может показаться, но ресурс веб-сервисов PlexScape для преобразования координат и их визуализации на Google Maps является интересным упражнением в понимании того, как работают системы координат разных регионов мира. Для этого на панели, где отображаются системы координат, выберите страну, а затем ...', 'Полиалюминий хлорид, сульфат магния, хлорид кальция - JS', 'Есть (13)', 'Концепция ангрия реализует концепцию человека в терминах обоих полов. Ранее термин «андроген» объяснялся термином «гермафродит». В Древней Греции считалось, что андрогинный человек имеет как мужские, так и женские черты во внешности.',
'Молоко',
'25 февраля - Знак зодиака: Совместимость',
'PVC Commercial-leisure Series',
'Русский Норвежский Польский Португальский Португальский-br Русский Словацкий Словенский Испанский Шведский Тайский Турецкий Украинский США Английский',
'Изменения - это временное или возникающее поведение, которое происходит во время действий или решений. Значение слова «Возрождение» часто используется как характеристика безжизненного образа жизни, состояния необычайного веселья, состояния страдания, когда не уделяется должного внимания сложным последствиям будущих действий.',
'Карине Минасян отметила, что все страны ЕАЭС являются членами ОБСЕ и активно разрабатывают государственные программы и стратегии развития цифровой экономики, что соответствует совместной цифровой повестке ЕАЭС. Это дает большие возможности для взаимодействия двух объединений, прежде всего в сфере развития цифровой экономики.',
'Склад синтетической кожи',
'Чехлы для мобильных телефонов',
'Стратегические объекты',
'Реклама мирового уровня World Class Classified Online Publications',
'В стоимость аренды зала входит следующий перечень оборудования: громкоговорители, колонки, блокнотп, маркеры, маркерная доска, стул с планшетом.',
'АО «НКЦ «Астана Курылыс» — компания с более чем десятилетним опытом работы, продолжает успешно работать и стабильно развивается по сей день. Сегодня АО «НКЦ «Астана Курылыс» возглавляет список лучших строительных компаний, и все это благодаря планомерному внедрению инновационных технологий, высокому уровню профессионализма и умению планомерно и успешно сдавать в эксплуатацию самые разные объекты, соответствующие ВЫСОКИМ стандартам качества.',
'ALDEPetras Auštřavičius',
'Контакторы переменного тока Interlock',
'Кастомизированные банки',
'Ежегодно выделяется 28 грантов Фонда Андерсона по морским делам для поддержки конференций и лекций по морской тематике. Общество морских исследований snr.org.uk',
'Астана, Казахстан',
'123...51страница 1 из 51',
'Цели клуба:',
'Кофейня Amaretto 5 мин.',
'Оффшорный банкинг и формирование компаний, трасты, планы защиты активов',
'Клавиатура Butterfly',
'Цена продажи $54.72 $54.72 Фиксированная цена $74.72 $74.72 Экономия $20.00',
'30 принимающих организаций',
'< start="237.89" dur="2.24"> Это третья глава. >',
'18 лет и старшеПубликацияРабота своими рукамиИтальянскийЛизание клитораТрах сисекНемецкоеПод юбкойПорно с мексиканцамиСосатьСекретаршаОт имени семениВыбрать женщинуВсе категории',
'Стаж вождения – 7 лет, категория;',
'african358',
'Октябрь, 2014',
'Директор аналитического центра',
'Наборы Pick & Hook & release',
'Полугород, ул. Жамбыла, 20',
'Обычная цена $25.20 Цена распродажи $12.10',
'1 Станок для лазерной резки волокон Accurl серии Smart KJG Посмотреть онлайн Скачать PDF',
'3. Купить ценные бумаги.',
'Список сопутствующих товаров: Trapezoid Insurance Cage Bone, Vacuum Cleaner Skeleton, Cleaner Bag, Trapezoid Organosilicon Cage Bone, Organosilicon Increase Cage Bone, Trapezoidal Squirrel Cage Bone, Venturi Filter Bag Cage Bone, Dust Collector Dust Filter',
'5.Test and Inspection: API 598, ISO 5208',
'Подготовка контейнера к трансплантации.',
'В настоящее время весь автобусный парк областного центра (186 единиц) и города Щучинска (69 единиц) оснащен 255 GPS-трекерами на городских маршрутах.',
'Балдырган Young talent Temirkazyk Psychology Tugan jer Project Ruhani zhangyru Leaders Rating Civil society Institutions National values ​​​​– national heritage Factcheck Great Участники Отечественной войны Законодательство Республики Казахстан',
'© 2012 - 2019 Карагандинский государственный индустриальный университет _ Все права защищены',
'< start="3679.241" dur="3.17"> СИСТЕМА УХОДА ПРИНИМАЕТ ВСЕХ >',
'При разработке описания своего профиля у вас может возникнуть соблазн написать что-то вроде «Я веселый и умный, с хорошим чувством юмора». Это всего лишь список из тысяч громких прилагательных... та самая критическая тренировка, которая выделяет вас среди других профилей. Если вы действительно хотите, чтобы ваш профиль выделялся, вам нужно описать себя через свои черты.',
'USB-кабель, зарядное устройство, руководство, универсальный металлический зажим, компакт-диск с программным обеспечением',
'Технологии, научно-техническая информация',
'· Подходит для газовых и паровых применений до 160 ℃',
'В верховьях рек: Сена, Саар, Шпрее, Замбези, Победа',
'Дитрих Кюсснер, пастор лютеранской церкви I Брауншвейга. Р. Это последние 40 лет критического национал-социализма и история страны Брауншвейгская лютеранская церковь Брауншвейгская.',
'1,5 литра воды',
'Человек должен смотреть прямо в камеру. Лицо должно быть нейтральным (без улыбки или хмурости), рот должен быть закрыт, а глаза должны быть полностью видны.',
'База NSI-189 ≥98%',
'Pyongyang _ Project tags Гигантские горы, гора Джизера, Богемский рай',
'По сравнению с 1 марта 2018 года население страны увеличилось на 235,7 тыс. человек, или на 1,3%, сообщает корреспондент Казинформа со ссылкой на Комитет по статистике Министерства национальной экономики Республики Казахстан.',
'Поддержите казино Look',
'1020. Нужно ли мне нотариально заверять документы, которые я подаю вместе с заявкой?', 'Зарегистрирован: 4 месяца назад', 'Особенности: Низкие эксплуатационные расходы, Высокий обменный курс, Отсутствие загрязнения окружающей среды.', '1.5x250x400 мм резка углеродного волокна с ЧПУ', 'Теперь наша продукция имеет маркировку E и одобрена DOT & SAE & DOT, наши клиенты приезжают практически из всех стран Европы...', 'Противомалярийное средство 6 - Сульфадоксин', 'Звезда для Лео! НОВИНКА', 'Оцените меня', 'Нажмите и узнайте о нас', 'Проект Claymer - ОБМАН! Результаты работы.', '26 февр., 15:33', 'Лучшие модели отделки электрических рейтингов', 'Имидж бренда BVC известен в Китае. Основная культура BVC: Если жизнь хороша, чистота проста. Делай!', '5. Как используются файлы cookie на этом сайте?',
'info@gts4b.com _ Copyright © GTS4B Все права защищены. Политика конфиденциальности',
'8) Сертификация офицерского состава судов осуществляется в соответствии с Правилами выдачи дипломов и удостоверения офицеров судов, подлежащих государственной регистрации в Государственном судовом реестре Республики Казахстанy. Аттестация членов экипажей судов проводится каждые пять лет. От аттестации освобождаются лица, окончившие учебное заведение по соответствующей специальности в год очередной аттестации, а также получившие диплом в том же году;',
'Откройте Outlook 2010. Если мастер запуска Microsoft Outlook 2010 отображается автоматически, нажмите кнопку «Далее» на первой странице мастера. Затем на странице «Учетные записи электронной почты» мастера настройки учетной записи электронной почты снова нажмите кнопку «Далее».',
'Гражданский бюджет (исполнение бюджета)',
'Диалог с интервьюером очень важен при приеме на работу. Никто не знает, на какие вопросы отвечать, действительно ли услышите вакансию. Да, шаблонных реплик нет, потому что невозможно запастись штампами по…',
'Психология цвета',
'Автоснабжение, мойка, чистящие средства для автомобилей - ОПС',
'Расчет количества магнитных чернил',
'Ультразвуковая экстракция кверцетина',
'В целях оценки качества услуг и образовательных программ Павлодарского высшего медицинского колледжа в 2016 году:',
'Каз Рус',
'ПРОГРАММА ОБЕСПЕЧЕНИЯ ЭФФЕКТИВНОЙ РАБОТЫ И РАЗВИТИЯ МАССОВОГО ПРЕДПРИНИМАТЕЛЬСТВА',
'Схема маршрутов автобусов',
'324. Из серии «Спорт», «Чемпионат мира по женскому боксу. Астана 2016» 100 тенге»,
«Использование Cellgel»,
«Мне нужно»,
«Источник: http://today.kz/news/zdorove-i-krasota/2018-07-11/767776-rak-ubivaet-kazahstantsev-v-kakih-regionah-rk-zhit-opasnee-vsego/»,
«Производимая на УМЗ продукция из тантала занимает 12% мирового рынка»,
«Ваш номер телефона*»,
«Международная научно-теоретическая конференция»,
«Конституция Республики Казахстан»,
«Научная программа «Первый Президент Республики Казахстан – Елбасы Н.А. Назарбаев: биография, инициативы и политическая позиция» является логическим продолжением исследований, проводимых с 2007 года на базе Музея Первого Президента Республика Казахстан.',
'Алматы - Нур-Султан (Астана)',
'Радио «Классик» - первая в Казахстане радиостанция, посвященная классической музыке. Это совместный медиапроект Республиканской телерадиокорпорации «Казахстан» и Казахской национальной консерватории имени Курмангазы. Перейти на сайт',
'Размер S: 95X125 мм',
'- Lecrae, обладатель премии «Грэмми» @lecrae',
'Каспий',
'НАУБЕТИЯРОВА Айзада Наубетияровна',
'Яркий фирменный шейкер - незаменимый помощник для приготовления любимых продуктов Energy Diet Smart. Внутри шейкера находится пружинный сепаратор, который помогает приготовить однородный напиток без комочков. Удобное широкое горлышко помогает пить коктейли легко и не проливая, а крышка гарантирует, что ничего не выплеснется даже при интенсивном встряхивании шейкера. Поэтому вы можете пить коктейли во время ходьбы или за рулем. Мерная шкала поможет вам соблюдать пропорции.',
'Мощность лазера 700 Вт-10000 Вт',
'Белый оксид алюминия - Китай Шанхайский абразив боцмана',
'Регион ЛюбойБазиликаВенетоКалабрияКампанияЛациоЛигурияЛомбардияМаркеСардинияСицилияТосканаУмбрия',
'Скачать через торрент (1,35 ГБ)',
'Мультфильм "Панда" - главный герой жилого комплекса "Камал-2"',
'Доклад и.о. директора Департамента производства и переработки продукции животноводства Э. Ахметова о развитии животноводства _ Министерство сельского хозяйства',
'Режим будильника Можно устанавливать группы от 1 до 5 будильников каждый день, например, 8:00, 12:00, 16:00, 17:00, автоматически просыпаться в указанное время, а затем сон после возвращения к данным поста 23:00',
'Оптимальные условия для контента',
'WHMCS — Идеальный конструктор для вашего WHMCS',
'индуц...(усечено)